BookID,Title,Author,Quantity
1,Mechatronics,Grace Adams,10
2,Advanced Mechanics of Materials,Robert Brown,3
3,Artificial Intelligence in Engineering,James Anderson,8
4,Wireless Communication,Benjamin King,3
5,Advanced Mechanics of Materials,William Campbell,4
6,Circuit Analysis,Grace Adams,7
7,Signals and Systems,David White,3
8,Heat Transfer,Michael Wilson,10
9,Heat Transfer,David White,10
10,Fluid Mechanics,James Anderson,10
11,Control Systems Engineering,Lucas Lee,7
12,Advanced Mechanics of Materials,Daniel Martin,7
13,Embedded Systems Design,Grace Adams,1
14,Circuit Analysis,Emily Davis,10
15,Advanced Mechanics of Materials,James Anderson,2
16,Mechatronics,Alice Johnson,2
17,Data Structures and Algorithms,Chloe Scott,3
18,Circuit Analysis,Lucas Lee,5
19,Mechatronics,Chloe Scott,8
20,Thermodynamics for Engineers,Daniel Martin,2
51,7,7,5
10,Fluid Mechanics,James Anderson,1
